{
    "blk.27.ffn_down.weight": 25850.232558139534,
    "blk.27.attn_output.weight": 203.75835755813952,
    "blk.27.attn_v.weight": 17679.29215116279,
    "blk.27.attn_k.weight": 17679.29215116279,
    "blk.27.attn_q.weight": 17679.29215116279,
    "blk.26.ffn_down.weight": 1077.735101744186,
    "blk.26.ffn_gate.weight": 1137.1518895348838,
    "blk.26.attn_output.weight": 148.6131109193314,
    "blk.26.attn_k.weight": 18046.456395348836,
    "blk.25.ffn_down.weight": 996.4087027616279,
    "blk.25.ffn_gate.weight": 557.4111101017442,
    "blk.25.attn_q.weight": 10768.51308139535,
    "blk.24.attn_output.weight": 156.33481331758722,
    "blk.24.attn_k.weight": 9707.492005813954,
    "blk.24.attn_q.weight": 9707.492005813954,
    "blk.23.attn_output.weight": 123.00140806686046,
    "blk.26.attn_v.weight": 18046.456395348836,
    "blk.23.attn_v.weight": 10560.905523255815,
    "blk.22.ffn_down.weight": 566.7516351744187,
    "blk.22.ffn_gate.weight": 615.7302870639535,
    "blk.22.attn_output.weight": 45.14455679960029,
    "blk.22.attn_v.weight": 7022.5363372093025,
    "blk.22.attn_q.weight": 7022.5363372093025,
    "blk.21.ffn_up.weight": 652.5932503633721,
    "blk.21.attn_output.weight": 45.777993845385176,
    "blk.21.attn_v.weight": 6189.366279069767,
    "blk.21.attn_q.weight": 6189.366279069767,
    "blk.20.ffn_down.weight": 119.83835619549419,
    "blk.25.attn_output.weight": 87.70912063953489,
    "blk.23.ffn_down.weight": 666.8440679505813,
    "blk.21.ffn_gate.weight": 652.5932503633721,
    "blk.20.ffn_gate.weight": 632.0517351017442,
    "blk.20.attn_v.weight": 6951.385901162791,
    "blk.19.ffn_up.weight": 631.865234375,
    "blk.19.ffn_gate.weight": 631.865234375,
    "blk.19.attn_output.weight": 29.728183480196222,
    "blk.19.attn_v.weight": 6815.336482558139,
    "blk.19.attn_k.weight": 6815.336482558139,
    "blk.19.attn_q.weight": 6815.336482558139,
    "blk.18.ffn_up.weight": 727.5600018168604,
    "blk.18.ffn_gate.weight": 727.5600018168604,
    "blk.23.ffn_gate.weight": 623.7132085755813,
    "blk.18.attn_output.weight": 17.867861725563227,
    "blk.8.attn_q.weight": 140.86850472383722,
    "blk.11.ffn_down.weight": 9.64582150481468,
    "blk.17.attn_k.weight": 3603.6373546511627,
    "blk.7.attn_output.weight": 0.4672453237134357,
    "blk.27.ffn_gate.weight": 3194.7736191860463,
    "blk.6.ffn_down.weight": 1.7837416183116823,
    "blk.0.attn_q.weight": 4.050463299418604,
    "blk.5.attn_q.weight": 138.9295171693314,
    "blk.17.attn_output.weight": 24.3355712890625,
    "blk.4.ffn_down.weight": 0.8791910215865734,
    "blk.10.attn_output.weight": 2.0625590834506724,
    "blk.5.attn_v.weight": 138.9295171693314,
    "blk.15.attn_q.weight": 970.0403343023256,
    "blk.20.attn_output.weight": 33.30718000545058,
    "blk.8.attn_v.weight": 140.86850472383722,
    "blk.2.attn_v.weight": 5.709575564362282,
    "blk.7.attn_k.weight": 133.34412472747093,
    "blk.27.ffn_up.weight": 3194.7736191860463,
    "blk.25.attn_v.weight": 10768.51308139535,
    "blk.15.ffn_up.weight": 373.9194676598837,
    "blk.4.attn_v.weight": 72.11722724382267,
    "blk.12.attn_q.weight": 252.54626180959303,
    "blk.5.ffn_up.weight": 178.6129519440407,
    "blk.7.ffn_down.weight": 12.557361691497093,
    "blk.1.attn_output.weight": 0.07836400076400402,
    "blk.6.attn_q.weight": 60.79634129723837,
    "blk.4.attn_q.weight": 72.11722724382267,
    "blk.1.attn_k.weight": 2.990682557571766,
    "blk.26.ffn_up.weight": 1137.1518895348838,
    "blk.0.ffn_down.weight": 0.25185609418292376,
    "blk.6.attn_v.weight": 60.79634129723837,
    "blk.1.attn_q.weight": 2.990682557571766,
    "blk.23.ffn_up.weight": 623.7132085755813,
    "blk.1.ffn_down.weight": 3.2367947600608646,
    "blk.13.ffn_up.weight": 270.06140988372096,
    "blk.15.ffn_down.weight": 12.127273914425873,
    "blk.1.ffn_up.weight": 704.9090661337209,
    "blk.13.ffn_down.weight": 1.352205143418423,
    "blk.23.attn_q.weight": 10560.905523255815,
    "blk.0.attn_v.weight": 4.050463299418604,
    "blk.26.attn_q.weight": 18046.456395348836,
    "blk.6.attn_output.weight": 1.368615793627362,
    "blk.10.attn_k.weight": 276.99620730377904,
    "blk.3.ffn_up.weight": 478.71098292151163,
    "blk.20.ffn_up.weight": 632.0517351017442,
    "blk.0.attn_output.weight": 0.42723708929017534,
    "blk.0.ffn_up.weight": 55.51134970021803,
    "blk.0.attn_k.weight": 4.050463299418604,
    "blk.6.ffn_up.weight": 189.8627589026163,
    "blk.24.ffn_up.weight": 431.8454305959302,
    "blk.5.attn_k.weight": 138.9295171693314,
    "blk.8.ffn_down.weight": 2.5042596861373547,
    "blk.1.attn_v.weight": 2.990682557571766,
    "blk.6.attn_k.weight": 60.79634129723837,
    "blk.3.ffn_gate.weight": 478.71098292151163,
    "blk.24.ffn_down.weight": 1480.9025254360465,
    "blk.15.attn_output.weight": 19.87092767759811,
    "blk.2.attn_output.weight": 0.057233533193898754,
    "blk.3.attn_v.weight": 51.088401617005815,
    "blk.7.attn_v.weight": 133.34412472747093,
    "blk.6.ffn_gate.weight": 189.8627589026163,
    "blk.14.attn_k.weight": 568.7025345203489,
    "blk.1.ffn_gate.weight": 704.9090661337209,
    "blk.2.ffn_gate.weight": 447.0795784883721,
    "blk.8.attn_k.weight": 140.86850472383722,
    "blk.20.attn_q.weight": 6951.385901162791,
    "blk.7.attn_q.weight": 133.34412472747093,
    "blk.7.ffn_gate.weight": 213.20233012354652,
    "blk.4.ffn_up.weight": 281.3337799781977,
    "blk.7.ffn_up.weight": 213.20233012354652,
    "blk.12.attn_v.weight": 252.54626180959303,
    "blk.0.ffn_gate.weight": 55.51134970021803,
    "blk.2.ffn_up.weight": 447.0795784883721,
    "blk.2.ffn_down.weight": 13381.066860465116,
    "blk.5.ffn_gate.weight": 178.6129519440407,
    "blk.10.ffn_gate.weight": 356.42360101744185,
    "blk.3.attn_output.weight": 0.37182191360828487,
    "blk.16.ffn_gate.weight": 436.3076398982558,
    "blk.4.attn_k.weight": 72.11722724382267,
    "blk.17.attn_v.weight": 3603.6373546511627,
    "blk.17.ffn_down.weight": 27.482870412427324,
    "blk.4.ffn_gate.weight": 281.3337799781977,
    "blk.2.attn_q.weight": 5.709575564362282,
    "blk.3.ffn_down.weight": 0.3936726769735647,
    "blk.16.attn_output.weight": 23.757074400436046,
    "blk.8.ffn_gate.weight": 214.5317269258721,
    "blk.8.attn_output.weight": 2.428302676178688,
    "blk.8.ffn_up.weight": 214.5317269258721,
    "blk.24.ffn_gate.weight": 431.8454305959302,
    "blk.3.attn_q.weight": 51.088401617005815,
    "blk.9.attn_q.weight": 320.16819585755815,
    "blk.22.attn_k.weight": 7022.5363372093025,
    "blk.12.attn_output.weight": 4.1164032692133,
    "blk.9.attn_k.weight": 320.16819585755815,
    "blk.10.ffn_up.weight": 356.42360101744185,
    "blk.18.attn_v.weight": 4374.47238372093,
    "blk.9.attn_v.weight": 320.16819585755815,
    "blk.11.attn_output.weight": 4.421293391737827,
    "blk.18.ffn_down.weight": 24.133286587027616,
    "blk.17.ffn_up.weight": 638.819949127907,
    "blk.9.attn_output.weight": 2.3741059414176053,
    "blk.9.ffn_gate.weight": 301.07433230377904,
    "blk.14.attn_output.weight": 9.180602317632632,
    "blk.12.ffn_up.weight": 248.3401389898256,
    "blk.9.ffn_up.weight": 301.07433230377904,
    "blk.20.attn_k.weight": 6951.385901162791,
    "blk.14.attn_q.weight": 568.7025345203489,
    "blk.25.attn_k.weight": 10768.51308139535,
    "blk.5.attn_output.weight": 0.7846085304437682,
    "blk.9.ffn_down.weight": 2.04985702869504,
    "blk.10.attn_v.weight": 276.99620730377904,
    "blk.13.attn_v.weight": 462.5180777616279,
    "blk.10.ffn_down.weight": 8.590661337209303,
    "blk.21.ffn_down.weight": 347.0237554505814,
    "blk.19.ffn_down.weight": 58.14081804142442,
    "blk.11.attn_q.weight": 404.8799509447674,
    "blk.25.ffn_up.weight": 557.4111101017442,
    "blk.11.attn_v.weight": 404.8799509447674,
    "blk.11.ffn_gate.weight": 251.03831304505815,
    "blk.11.ffn_up.weight": 251.03831304505815,
    "blk.21.attn_k.weight": 6189.366279069767,
    "blk.17.attn_q.weight": 3603.6373546511627,